Year,Revenue,Operating Costs,EBITDA,D&A,EBIT,Tax on EBIT,NOPAT,Interest Expense,EBT,Taxes on EBT,Net Income
2023,14374.999999999998,12218.749999999998,2156.25,550.0,1606.25,481.875,1124.375,123.0,1483.25,444.97499999999997,1038.275
2024,15812.5,13124.375,2688.125,650.0,2038.125,611.4375,1426.6875,133.61595,1904.5090500000001,571.352715,1333.1563350000001
2025,17393.75,13915.0,3478.75,700.0,2778.75,833.625,1945.1249999999998,132.55970000000002,2646.1903,793.8570900000001,1852.3332100000002
