Year,NWC,ΔNWC
2022,2000.0,0.0
2023,2299.9999999999995,299.99999999999955
2024,2055.625,-244.37499999999955
2025,1739.375,-316.25
