Year,NOPAT,D&A,ΔNWC,Capex,FCFF,Interest Expense,Interest Tax Shield,Net Borrowing,FCFE
2023,1124.375,550.0,299.99999999999955,800.0,574.3750000000005,123.0,36.9,550.0,1038.2750000000005
2024,1426.6875,650.0,-244.37499999999955,900.0,1421.0624999999995,133.61595,40.084785,5.630000000000109,1333.1613349999998
2025,1945.1249999999998,700.0,-316.25,1000.0,1961.375,132.55970000000002,39.76791000000001,-16.25,1852.33321
