Year,Ke,Rd,Tax Rate,Debt,Equity Book,Weight Debt,Weight Equity,WACC
2023,0.11800000000000002,0.06,0.3,2050.0,11038.275,0.15662873831731072,0.8433712616826893,0.1060962158878844
2024,0.11800000000000002,0.065,0.3,2055.63,12371.431335,0.1424843183422981,0.857515681657702,0.10766988692018341
2025,0.11800000000000002,0.065,0.3,2039.38,14223.764545,0.12539887316115594,0.8746011268388441,0.10890858169581621
