Year,Period,WACC,Ke,DF (WACC),DF (Ke),FCFF,PV(FCFF),FCFE,PV(FCFE)
2023,1,0.1060962158878844,0.11800000000000002,0.9040804820015418,0.8944543828264757,574.3750000000005,519.281226849636,1038.2750000000005,928.6896243291595
2024,2,0.10766988692018341,0.11800000000000002,0.8150407101524695,0.8000486429574917,1421.0624999999995,1158.2237891710433,1333.1613349999998,1066.5939169101478
2025,3,0.10890858169581621,0.11800000000000002,0.7333524828838408,0.7156070151677026,1961.375,1438.3792261162932,1852.33321,1325.5426395041093
Total,,,,,,,3115.8842421369727,,3320.8261807434164
